"Timestamp","This explanation format helped me understand how the problem was solved.","This explanation format made it easier to identify incorrect reasoning or faulty steps.","The experience of using this explanation format was engaging.","Given the choice, I would prefer to study math problems using this explanation format in the future.","Overall, I was satisfied with this explanation experience.","The dual-panel layout (problem on the left, explanation on the right) made it easier to connect the explanation to the original problem.","The separation between problem statement and explanation reduced confusion while solving","Overall, I was satisfied with the dual-panel design.","The problem summary helped me quickly identify the key variables and constraints.","The summary improved my ability to check each reasoning step against the problem context.","Overall, I found the problem summary useful for understanding the explanation.","Color coding made it easier to trace variables consistently across steps.","The use of colors reduced mistakes or confusion when following the explanation.","Overall, I was satisfied with the color-coding of variables.","Showing one step at a time improved the clarity of the explanation.","Playback controls (play, pause, next, back) helped me follow the reasoning process effectively.","Overall, I was satisfied with the step-by-step display and control feature."
"2025/10/06 11:42:32 AM AST","6","7","4","5","6","5","5","5","6","5","6","6","5","5","5","5","6"
"2025/10/06 3:11:09 PM AST","5","3","5","2","5","5","4","4","6","3","5","7","5","5","5","5","5"
"2025/10/06 3:12:29 PM AST","6","6","4","4","5","5","5","5","5","6","5","6","6","6","6","3","4"
"2025/10/06 3:13:11 PM AST","7","6","5","6","6","6","6","6","5","5","5","7","7","7","7","3","5"
"2025/10/06 3:14:11 PM AST","7","5","3","5","7","5","7","5","6","7","5","5","5","6","7","7","7"
"2025/10/06 3:17:18 PM AST","5","6","4","2","4","5","5","4","6","5","5","5","5","5","3","4","4"
"2025/10/06 3:18:05 PM AST","5","6","4","5","6","5","6","6","7","3","5","6","5","6","7","5","5"
"2025/10/06 5:04:16 PM AST","5","7","5","6","6","3","3","4","5","7","5","6","7","6","4","5","5"
"2025/10/07 11:42:41 AM AST","3","2","5","6","6","3","5","6","6","6","6","2","3","3","6","6","6"
"2025/10/07 4:35:53 PM AST","4","3","4","2","2","3","2","2","1","3","2","1","2","1","2","4","3"
"2025/10/07 4:40:50 PM AST","2","3","2","2","2","4","3","4","4","3","3","3","4","3","3","5","3"
"2025/10/07 4:41:24 PM AST","5","2","5","5","6","5","5","4","3","5","5","5","3","6","4","4","4"
"2025/10/07 6:13:35 PM AST","5","2","3","5","3","4","6","3","3","5","2","3","3","5","6","6","4"